,COIL_NO,PRDSPC_ID,PNSPRC_CD,cycle,WDT_LEN,WGT_WGT,IND_CD,OUD_LEN,STL_CD,EMG_CD,고객사
4,09KA1B77311,SCP1-H-B,AN11,620,309.0,4811,,1668,10021,1282N,NaN
6,21M12D061111A,50CRV4M-S,AN10,750,248.0,2091,,1275,10022,1282S,유신정밀공업(주) / (주)화진금속
7,22A122851111A,S55CM-R,AN10,725,410.0,5121,,1511,10022,1282N,NaN
8,22A122852111A,S55CM-R,AN10,725,410.0,5121,,1511,10022,1282N,NaN
9,22A122853111A,S55CM-R,AN10,725,210.0,2623,,1511,10022,1282N,NaN
10,22A13B70111,SK5M-S,AN11,725,332.0,1992,,1109,10023,1282N,(주)화진금속
11,22B12A701111A,S35CM-R,AN10,725,647.0,4848,,1260,10022,1282N,NaN
12,22B12A702111A,S35CM-R,AN10,725,529.0,3964,,1260,10022,1282N,NaN
13,22B12E201111A,S35CM-R,AN10,725,282.0,2421,,1285,10022,1282N,NaN
14,22C12060111,S35CM-R,AN10,725,1138.0,20710,,1823,10022,1282N,NaN
15,22C12060112,S35CM-R,AN10,725,1138.0,20900,,1830,10022,1282N,NaN
16,22C12E671111A,S35CM-R,AN11,700,330.0,2004,,1165,10022,1282N,NaN
17,22C12G671111A,S35CM-R,AN11,700,330.0,1804,,1070,10022,1282N,NaN
18,22C12G671121A,S35CM-R,AN11,700,330.0,1782,,1065,10022,1282N,NaN
19,22C12G671131A,S35CM-R,AN11,700,330.0,1804,,1070,10022,1282N,NaN
20,22C13B65111,SK5M-S,AN12,725,421.0,2987,,1187,10023,1282N,(주)화진금속
21,22C13B73112,SK5M-S,AN12,725,176.1,1457,,1265,10023,1282N,(주)화진금속
22,22C13C62111,SK5M-S,AN12,725,172.0,1518,,1300,10023,1282N,(주)화진금속
23,22D12E321121A,S55CM-S,AN10,725(표준),254.0,1388,,1070,10022,1282N,(주)정민스틸
24,22E11E19111,S20CM-R,AN11,620,193.2,1555,,1250,10021,1282N,NaN
25,22E11F261111A,SCP1-S-B,AN12,620,239.0,1849,,1230,10021,1282N,NaN
26,22E12266111,S35CM-R,AN10,725,1138.0,21220,,1843,10022,1282N,NaN
27,22E12266112,S35CM-R,AN10,725,1138.0,21370,,1849,10022,1282N,NaN
28,22E12266113,S35CM-R,AN10,725,1138.0,19560,,1778,10022,1282N,NaN
29,22E12D64111,50CRV4M-R,AN12,700,212.0,1837,,1290,10022,1282N,NaN
30,22F11B24111,DK800,AN11,작업지시서 소둔 Cycle 적용,380.0,2204,,1095,10021,1282N,한국보그워너티에스
31,22F120101111A,SAE1070M-R,AN11,700,590.0,11307,,1866,10022,1282S,NaN
32,22F120102111A,SAE1070M-R,AN11,700,590.0,11307,,1866,10022,1282S,NaN
33,22F12185111,S35CM-R,AN10,725,1022.0,15690,,1692,10022,1282N,NaN
34,22F12188111,S55CM-R,AN10,725,1236.0,17670,,1640,10022,1282N,NaN
35,22F122041111A,S45C-PA,AN10,725,616.0,12335,,1903,10022,1282S,NaN
36,22F122042111A,S45C-PA,AN10,725,616.0,12335,,1903,10022,1282S,NaN
37,22F12264111,SAE1552M-R,AN10,725,1058.0,20440,,1872,10022,1282N,NaN
38,22F12264112,SAE1552M-R,AN10,725,1058.0,20220,,1863,10022,1282N,NaN
39,22F12B40111,50CRV4M-R,AN12,700,179.0,1603,,1308,10022,1282N,NaN
40,22F12B52111,50CRV4M-R,AN12,700,201.0,1435,,1190,10022,1282N,NaN
41,22F12B941111A,16MNCR5M-S,AN11,700,163.0,1478,,1315,10022,1282N,NaN
42,22F12B941111B,16MNCR5M-S,AN11,700,163.0,1491,,1320,10022,1282N,NaN
43,22F12D42111,50CRV4M-R,AN12,700,212.0,1760,,1266,10022,1282N,NaN
44,22F12G65111,SAE1055M-R,AN11,700,277.0,1720,,1125,10022,1282N,NaN
45,22F12H421111A,CK75M2,AN11,700,150.0,1070,,1190,10022,1282N,NaN
46,22F12H421121A,CK75M2,AN11,700,150.0,1104,,1205,10022,1282N,NaN
47,22F12T391111A,CK75M2,AN11,700,400.0,2739,,1170,10022,1282N,NaN
48,22F12T391121A,CK75M2,AN11,700,400.0,2625,,1150,10022,1282N,NaN
49,22F13047111,SK85,AN11,700(표준),1065.0,20940,,1887,10023,1282N,HANWA CO / .LTD
50,22F13051112,SK85,AN11,700(표준),1165.0,20970,,1814,10023,1282N,HANWA CO / .LTD
51,22F130591111A,SK5M-S,AN11,725,400.0,5134,,1566,10023,1282N,(주)화진금속
52,22F130592111A,SK5M-S,AN11,725,490.0,6290,,1566,10023,1282N,(주)화진금속
53,22F130593111A,SK5M-S,AN11,725,324.0,4159,,1566,10023,1282N,(주)화진금속
54,22F13A581111A,SK85M-S,AN11,735,175.0,1489,,1280,10023,1282N,NaN
55,22F13A581121A,SK85M-S,AN11,735,175.0,1503,,1285,10023,1282N,NaN
56,22F13A581131A,SK85M-S,AN11,735,175.0,1540,,1310,10023,1282N,NaN
57,22F13B581111A,SK85M-S,AN11,735,175.0,1489,,1280,10023,1282N,NaN
58,22G11A03111,S20CM-S,AN11,620,154.0,1414,,1322,10021,1282N,NaN
59,22G11A03112,S20CM-S,AN11,620,154.0,1447,,1335,10021,1282N,NaN
60,22G11B711111A,DK800,AN11,작업지시서 소둔 Cycle 적용,1180.0,24020,,1917,10021,1282N,한국보그워너티에스
61,22G11L69111,S15CM-S,AN11,620,171.0,1304,,1223,10021,1282N,NaN
62,22G12096111,S70CM-AD,AN12,700,1190.0,20600,,1783,10022,1282N,NaN
63,22G12107111,SAE1074M-R,AN10,700,1236.0,15800,,1564,10022,1282N,JMI
64,22G12128112,16MNCR5M2,AN11,700,1117.0,23000,,1927,10022,1282Y,NaN
65,22G121681111A,SAE1552M-R,AN10,725,351.0,2353,,1160,10022,1282N,NaN
66,22G121681111B,SAE1552M-R,AN11,700,351.0,4086,,1465,10022,1282N,NaN
67,22G121682111A,SAE1552M-R,AN11,700,351.0,2353,,1160,10022,1282N,NaN
68,22G121682111B,SAE1552M-R,AN11,700,351.0,4278,,1495,10022,1282N,NaN
69,22G121683111A,SAE1552M-R,AN11,700,351.0,2353,,1160,10022,1282N,NaN
70,22G121683111B,SAE1552M-R,AN11,700,351.0,4278,,1495,10022,1282N,NaN
71,22G121691111A,SAE1552M-R,AN11,700,329.0,3091,,1335,10022,1282N,NaN
72,22G121691111B,SAE1552M-R,AN11,700,329.0,3091,,1335,10022,1282N,NaN
73,22G121692111A,SAE1552M-R,AN11,700,361.0,3392,,1335,10022,1282N,NaN
74,22G121692111B,SAE1552M-R,AN11,700,361.0,3392,,1335,10022,1282N,NaN
75,22G121693111A,SAE1552M-R,AN11,700,361.0,3392,,1335,10022,1282N,NaN
76,22G121693111B,SAE1552M-R,AN11,700,361.0,3392,,1335,10022,1282N,NaN
77,22G122021111A,S45CM-R,AN11,620,345.0,4618,,1558,10022,1282N,한국보그워너티에스
78,22G122021121A,S45CM-R,AN11,620,345.0,5149,,1637,10022,1282N,한국보그워너티에스
79,22G122022111A,S45CM-R,AN11,620,345.0,4618,,1558,10022,1282N,한국보그워너티에스
80,22G122022121A,S45CM-R,AN11,620,345.0,5149,,1637,10022,1282N,한국보그워너티에스
81,22G122023111A,S45CM-R,AN11,620,345.0,4618,,1558,10022,1282N,한국보그워너티에스
82,22G122023121A,S45CM-R,AN11,620,345.0,5149,,1637,10022,1282N,한국보그워너티에스
83,22G12207111,S50CM-S,AN11,700,1219.0,22100,,1820,10022,1282N,NaN
84,22G12224111,CK75M3,AN11,700,1182.0,22740,,1869,10022,1282Y,NaN
85,22G12224112,CK75M3,AN11,700,1182.0,22660,,1866,10022,1282Y,NaN
86,22G12224113,CK75M3,AN12,700,1182.0,22760,,1869,10022,1282Y,NaN
87,22G122251111A,CK75M3,AN12,700,357.0,2654,,1210,10022,1282N,NaN
88,22G122252111B,CK75M3,AN12,700,444.0,3468,,1235,10022,1282N,NaN
89,22G122253111A,CK75M3,AN12,700,309.0,2437,,1240,10022,1282N,NaN
90,22G122253111B,CK75M3,AN12,700,309.0,2343,,1220,10022,1282N,NaN
91,22G122301111A,S45CM-S,AN11,700,276.0,2616,,1340,10022,1282N,NaN
92,22G122301111B,S45CM-S,AN11,700,276.0,2638,,1345,10022,1282N,NaN
93,22G122304111B,SAE1045M-S,AN10,725,322.0,3078,,1345,10022,1282N,NaN
94,22G12242111,50CRV4M-S,AN11,750,1330.0,24070,,1819,10022,1282Y,유신정밀공업(주) / (주)화진금속
95,22G122443111A1A,50CRV4M-R,AN11,700,242.0,2234,,1325,10022,1282N,NaN
96,22G122483111A1A,50CRV4M-R,AN11,700,244.0,2373,,1355,10022,1282N,NaN
97,22G122483111A1B,50CRV4M-R,AN11,700,244.0,2232,,1320,10022,1282N,NaN
98,22G12251111,C80M,AN10,735,1013.0,18580,,1829,10022,1282N,SCHAEFFLER GROUP / HARSHA ENGINEE / LUK / 나라엠앤디 /(주)대유단조
99,22G12A05111,50CRV4M-R,AN11,700,230.0,1412,,1119,10022,1282N,NaN
100,22G12A20111,CK75M2,AN12,700,1200.0,22960,,1864,10022,1282N,NaN
101,22G12A291111A,16MNCR5M2,AN11,700,1153.0,23999,,1936,10022,1282N,NaN
102,22G12A46111,50CRV4M-R,AN12,700,212.0,1940,,1320,10022,1282N,NaN
103,22G12B34111,SAE1070M-R,AN10,725,1184.0,23180,,1883,10022,1282S,NaN
104,22G12B491111A,50CRV4M-R,AN11,700,230.0,2257,,1360,10022,1282Y,NaN
105,22G12B491111B,50CRV4M-R,AN11,700,230.0,2257,,1360,10022,1282Y,NaN
106,22G12B492111A,50CRV4M-R,AN11,700,240.0,2355,,1360,10022,1282Y,NaN
107,22G12B492111B,50CRV4M-R,AN11,700,240.0,2355,,1360,10022,1282Y,NaN
108,22G12B493111A,50CRV4M-R,AN11,700,255.0,2503,,1360,10022,1282Y,NaN
109,22G12B493111B,50CRV4M-R,AN11,700,255.0,2503,,1360,10022,1282Y,NaN
110,22G12B494111A,50CRV4M-R,AN11,700,240.0,2355,,1360,10022,1282Y,NaN
111,22G12B494111B,50CRV4M-R,AN11,700,240.0,2355,,1360,10022,1282Y,NaN
112,22G12B495111A,50CRV4M-R,AN11,700,230.0,2257,,1360,10022,1282Y,NaN
113,22G12B495111B,50CRV4M-R,AN11,700,230.0,2257,,1360,10022,1282Y,NaN
114,22G12C191111A,C80M,AN11,720,279.0,2374,,1280,10022,1282N,SCHAEFFLER GROUP / HARSHA ENGINEE / LUK / 나라엠앤디 /(주)대유단조
115,22G12C191121A,C80M,AN11,720,279.0,2330,,1270,10022,1282N,SCHAEFFLER GROUP / HARSHA ENGINEE / LUK / 나라엠앤디 /(주)대유단조
116,22G12C191131A,C80M,AN11,720,279.0,2352,,1275,10022,1282N,SCHAEFFLER GROUP / HARSHA ENGINEE / LUK / 나라엠앤디 /(주)대유단조
117,22G12C80111,C80M,AN12,720,300.0,2366,,1240,10022,1282N,SCHAEFFLER GROUP / HARSHA ENGINEE / LUK / 나라엠앤디 /(주)대유단조
118,22G12C80112,C80M,AN12,720,300.0,1947,,1145,10022,1282N,SCHAEFFLER GROUP / HARSHA ENGINEE / LUK / 나라엠앤디 /(주)대유단조
119,22G13010111,SK4M-S,AN11,735,1200.0,20870,,1787,10023,1282N,NaN
120,22G13011111,SK4M-S,AN12,735,1200.0,20760,,1783,10023,1282N,NaN
121,22G13015111,SK85,AN11,700(표준),1138.0,22200,,1880,10023,1282N,HANWA CO / .LTD
122,22G13020111,SK85,AN11,700(표준),1128.0,20200,,1810,10023,1282N,HANWA CO / .LTD
123,22G13028111,SK5M-S,AN11,725,1197.0,23030,,1869,10023,1282N,(주)화진금속
124,22G13042111,SK4M-S,AN11,735,1200.0,20720,,1781,10023,1282N,NaN
125,22G13043111,SK4M-S,AN11,735,1200.0,17870,,1669,10023,1282N,NaN
126,22G13043112,SK4M-S,AN12,735,1200.0,17410,,1651,10023,1282N,NaN
127,22G130465111A,SK5M-S,AN13,725,200.0,2589,,1535,10023,1282N,(주)화진금속
128,22G13048111,SK5M-S,AN11,725,1065.0,21710,,1918,10023,1282N,(주)화진금속
129,22G130491111A,SK85M-R,AN12,735,443.0,8552,,1872,10023,1282N,NaN
130,22G130492111A,SK85M-R,AN12,735,443.0,8552,,1872,10023,1282N,NaN
131,22G130493111A,SK85M-R,AN12,735,322.0,6216,,1872,10023,1282N,NaN
132,22G13050111,SK5M-R,AN12,700(표준),1128.0,19970,,1801,10023,1282N,일진엔티에스(주)
133,22G13053111,SK4M-R,AN12,700(표준),1170.0,14550,,1546,10023,1282N,일진엔티에스(주)
134,22G13A121111A,SK85M-S,AN11,735,175.0,1490,,1285,10023,1282N,NaN
135,22G13A311111A,SK5M-S,AN11,725,207.0,1894,,1320,10023,1282N,(주)화진금속
136,22G13A311121A,SK5M-S,AN11,725,207.0,1894,,1320,10023,1282N,(주)화진금속
137,22G13A311131A,SK5M-S,AN11,725,207.0,1877,,1315,10023,1282N,(주)화진금속
138,22G13A311151A,SK5M-S,AN11,725,207.0,1945,,1335,10023,1282N,(주)화진금속
139,22G13A45111,SK5M-S,AN11,725,242.0,1453,,1110,10023,1282N,(주)화진금속
140,22G13A45112,SK5M-S,AN11,725,242.0,1453,,1110,10023,1282N,(주)화진금속
141,22G13A54111,SK5M-S,AN12,725,187.0,1148,,1120,10023,1282N,(주)화진금속
142,22G13A54112,SK5M-S,AN12,725,187.0,1110,,1105,10023,1282N,(주)화진금속
143,22G13B561112A,SK5M-S,AN12,725,398.0,3610,,1357,10023,1282N,(주)화진금속
144,22G13C561111A,SK5M-S,AN11,725,1199.0,22160,,1836,10023,1282N,(주)화진금속
145,22H11136111,DK800,AN11,작업지시서 소둔 Cycle 적용,1102.0,20420,,1838,10021,1282N,한국보그워너티에스
146,22H11136112,DK800,AN11,작업지시서 소둔 Cycle 적용,1102.0,20380,,1836,10021,1282N,한국보그워너티에스
147,22H11141111,H800LA,AN11,작업지시서 소둔 Cycle 적용,910.0,18310,,1907,10021,1282N,FAURECIA(CHINA) / BROSE CHINA
148,22H11152111,S20CM-S,AN11,620,1284.0,24780,,1871,10021,1282N,NaN
149,22H11153111,S20CM-S,AN11,620,1058.0,20750,,1885,10021,1282N,NaN
150,22H11156111,S20CM-S,AN11,620,1280.0,24920,,1879,10021,1282N,NaN
151,22H11165111,S20CM-R,AN11,620,1058.0,21590,,1919,10021,1282N,NaN
152,22H11165112,S20CM-R,AN11,620,1058.0,21820,,1928,10021,1282N,NaN
153,22H11168111,S20CM-S,AN11,620,1280.0,25180,,1887,10021,1282N,NaN
154,22H11175111,SAE1020,AN11,620,1266.0,25190,,1897,10021,1282N,NaN
155,22H111861111A,S20CM-S,AN11,620,585.0,11730,,1904,10021,1282N,NaN
156,22H111862111A,S20CM-S,AN11,620,586.0,11750,,1904,10021,1282N,NaN
157,22H11187111,DK800,AN11,작업지시서 소둔 Cycle 적용,1102.0,20690,,1849,10021,1282N,한국보그워너티에스
158,22H11187112,DK800,AN11,작업지시서 소둔 Cycle 적용,1102.0,20790,,1852,10021,1282N,한국보그워너티에스
159,22H11188111,DK800,AN11,작업지시서 소둔 Cycle 적용,1102.0,14620,,1589,10021,1282N,한국보그워너티에스
160,22H111891111A,S20CM-R,AN11,620,480.0,9600,,1902,10021,1282N,NaN
161,22H111892111A,S20CM-R,AN11,620,462.0,9240,,1902,10021,1282N,NaN
162,22H11196111,S20CM-S,AN11,620,1150.0,22280,,1875,10021,1282N,NaN
163,22H111971111A,S20CM-S,AN11,620,285.0,4440,,1669,10021,1282N,NaN
164,22H111972111A,S20CM-S,AN11,620,285.0,4440,,1669,10021,1282N,NaN
165,22H111973111A,S20CM-S,AN11,620,285.0,4440,,1669,10021,1282N,NaN
166,22H111974111A,S20CM-S,AN11,620,285.0,4440,,1669,10021,1282N,NaN
167,22H11199111,H800LA,AN11,작업지시서 소둔 Cycle 적용,940.0,18950,,1908,10021,1282N,FAURECIA(CHINA) / BROSE CHINA
168,22H11200111,H800LA,AN11,작업지시서 소둔 Cycle 적용,910.0,16480,,1819,10021,1282N,FAURECIA(CHINA) / BROSE CHINA
169,22H11208111,H800LA,AN11,작업지시서 소둔 Cycle 적용,1180.0,22810,,1873,10021,1282N,FAURECIA(CHINA) / BROSE CHINA
170,22H11A09111,S20CM-R,AN11,620,194.0,1775,,1320,10021,1282N,NaN
171,22H11A09112,S20CM-R,AN11,620,194.0,1650,,1279,10021,1282N,NaN
172,22H11A111111A,SPCC-1BP,AN11,620,208.0,1853,,1305,10021,1282N,NaN
173,22H11A111121A,SPCC-1BP,AN11,620,208.0,1803,,1290,10021,1282N,NaN
174,22H11A111131A,SPCC-1BP,AN11,620,208.0,1577,,1220,10021,1282N,NaN
175,22H11A111141A,SPCC-1BP,AN11,620,208.0,1886,,1315,10021,1282N,NaN
176,22H11A111151A,SPCC-1BP,AN11,620,208.0,1803,,1290,10021,1282N,NaN
177,22H11A111161A,SPCC-1BP,AN11,620,208.0,1886,,1315,10021,1282N,NaN
178,22H11A111171A,SPCC-1BP,AN11,620,208.0,1869,,1310,10021,1282N,NaN
179,22H11A111181A,SPCC-1BP,AN11,620,208.0,1886,,1315,10021,1282N,NaN
180,22H11A111191A,SPCC-1BP,AN11,620,208.0,1869,,1310,10021,1282N,NaN
181,22H11A24113,SAE1010H,AN11,620,264.7,1395,,1055,10021,1282N,NaN
182,22H11A40111,SPCC-2B,AN11,620,234.0,2103,,1310,10021,1282N,NaN
183,22H11A431111A,S20CM-R,AN11,620,380.0,5620,,1664,10021,1282N,NaN
184,22H11A56111,S15CM-S,AN11,620,190.0,1848,,1355,10021,1282N,NaN
185,22H11A56112,S15CM-S,AN11,620,190.0,1832,,1350,10021,1282N,NaN
186,22H11A61113,S20CM-R,AN11,620,184.0,1683,,1319,10021,1282N,NaN
187,22H11A61114,S20CM-R,AN11,620,184.0,1639,,1305,10021,1282N,NaN
188,22H11A61115,S20CM-R,AN11,620,184.0,1683,,1319,10021,1282N,NaN
189,22H11A69112,S20CM-R,AN11,620,179.0,1439,,1250,10021,1282N,NaN
190,22H11A901111A,S20CM-R,AN11,620,179.0,1741,,1355,10021,1282N,NaN
191,22H11A901121A,S20CM-R,AN11,620,179.0,1786,,1370,10021,1282N,NaN
192,22H11A961111A,SPCC-1BP,AN11,620,629.0,8655,,1614,10021,1282N,NaN
193,22H11A961121A,SPCC-1BP,AN11,620,629.0,8557,,1606,10021,1282N,NaN
194,22H11B111111A,SPCC-1BP,AN11,620,208.0,1770,,1280,10021,1282N,NaN
195,22H11B111121A,SPCC-1BP,AN11,620,208.0,1770,,1280,10021,1282N,NaN
196,22H11B14111,SCP1-S-B,AN11,620,182.0,1665,,1320,10021,1282N,NaN
197,22H11B43111,S20CM-R,AN11,620,184.0,1744,,1340,10021,1282N,NaN
198,22H11B43112,S20CM-R,AN11,620,184.0,1595,,1290,10021,1282N,NaN
199,22H11B841111A,SCP1-1/2H-B,AN11,620,360.0,6618,,1831,10021,1282N,NaN
200,22H11C611111A,S20CM-R,AN11,620,262.0,1987,,1220,10021,1282N,NaN
201,22H11C612111A,S20CM-R,AN11,620,262.0,1987,,1220,10021,1282N,NaN
202,22H11C613111A,S20CM-R,AN11,620,424.0,3216,,1220,10021,1282N,NaN
203,22H11C69111,S20CM-R,AN11,620,179.0,1537,,1285,10021,1282N,NaN
204,22H11E431111AA,S20CM-R,AN11,620,380.0,5352,,1630,10021,1282N,NaN
205,22H11E431121A,S20CM-R,AN11,620,380.0,7497,,1890,10021,1282N,NaN
206,22H11E431131A,S20CM-R,AN11,620,380.0,7413,,1880,10021,1282N,NaN
207,22H11E431141A,S20CM-R,AN11,620,380.0,7327,,1871,10021,1282N,NaN
208,22H11E431151A,S20CM-R,AN11,620,380.0,7457,,1885,10021,1282N,NaN
209,22H11E79111,S20CM-S,AN11,620,184.0,1744,,1340,10021,1282N,NaN
210,22H11E79113,S20CM-S,AN11,620,184.0,1716,,1330,10021,1282N,NaN
211,22H11E79115,S20CM-S,AN11,620,184.0,1695,,1323,10021,1282N,NaN
212,22H11E79116,S20CM-S,AN11,620,184.0,1565,,1279,10021,1282N,NaN
213,22H11E79117,S20CM-S,AN11,620,184.0,1479,,1249,10021,1282N,NaN
214,22H11J791111A,S20CM-R,AN11,620,184.0,1451,,1240,10021,1282N,NaN
215,22H11K79111,S20CM-R,AN11,620,184.0,1774,,1350,10021,1282N,NaN
216,22H11K79112,S20CM-R,AN11,620,184.0,1774,,1350,10021,1282N,NaN
217,22H11P52111,S20CM-R,AN11,620,186.0,1747,,1335,10021,1282N,NaN
218,22H11P52112,S20CM-R,AN11,620,186.0,1702,,1320,10021,1282N,NaN
219,22H12001111,S45CM-S,AN10,725,1272.0,24800,,1880,10022,1282N,NaN
220,22H12001112,S45CM-S,AN10,725,1272.0,24700,,1877,10022,1282N,NaN
221,22H12008111,S55CM-S,AN11,725,1206.0,24630,,1919,10022,1282N,(주)정민스틸
222,22H12008112,S55CM-S,AN11,725,1206.0,24690,,1922,10022,1282N,(주)정민스틸
223,22H12025111,CK75M2,AN12,700,1200.0,23070,,1868,10022,1282Y,NaN
224,22H12026111,CK75M3,AN11,700,1182.0,22083,,1844,10022,1282Y,NaN
225,22H120271111A,CK75M3,AN11,700,296.0,2565,,1290,10022,1282N,NaN
226,22H120271111B,CK75M3,AN11,700,296.0,2757,,1330,10022,1282N,NaN
227,22H120272111A,CK75M3,AN12,700,392.0,3336,,1280,10022,1282N,NaN
228,22H120272111B,CK75M3,AN11,700,392.0,3587,,1320,10022,1282N,NaN
229,22H120273111A,CK75M3,AN11,700,288.0,2588,,1310,10022,1282N,NaN
230,22H120273111B,CK75M3,AN11,700,288.0,2682,,1330,10022,1282N,NaN
231,22H120274111A,CK75M3,AN11,700,200.0,1733,,1290,10022,1282N,NaN
232,22H120274111B,CK75M3,AN11,700,200.0,1814,,1315,10022,1282N,NaN
233,22H120342111A,51CRV4M-S,AN13,700*Max,494.0,11189,,2011,10022,1282N,NHK / NHK SPRING PREC / NHK SPRING(THA~)
234,22H12036111,S35CM-R,AN10,725,1030.0,17940,,1788,10022,1282N,NaN
235,22H120391111A,51CRV4M-S,AN13,700*Max,562.0,11491,,1920,10022,1282N,NHK / NHK SPRING PREC / NHK SPRING(THA~)
236,22H120392111A,51CRV4M-S,AN13,700*Max,612.0,12513,,1920,10022,1282N,NHK / NHK SPRING PREC / NHK SPRING(THA~)
237,22H120411111A,51CRV4M-S,AN13,700*Max,612.0,12503,,1920,10022,1282N,NHK / NHK SPRING PREC / NHK SPRING(THA~)
238,22H120412111A,51CRV4M-S,AN13,700*Max,562.0,11482,,1920,10022,1282N,NHK / NHK SPRING PREC / NHK SPRING(THA~)
239,22H12042112,SAE1050M-R,AN11,700,1066.0,14670,,1614,10022,1282N,NaN
240,22H12042113,SAE1050M-R,AN11,700,1066.0,14730,,1616,10022,1282N,NaN
241,22H12042116,SAE1050M-R,AN11,700,1066.0,16960,,1718,10022,1282N,NaN
242,22H12043111,SAE1552M-R,AN11,700,1058.0,20790,,1887,10022,1282N,NaN
243,22H12043112,SAE1552M-R,AN11,700,1058.0,20400,,1871,10022,1282N,NaN
244,22H12043113,SAE1552M-R,AN11,700,1058.0,20200,,1862,10022,1282N,NaN
245,22H120551111A,SAE1055M-R,AN11,700,530.0,10351,,1881,10022,1282N,NaN
246,22H120551121A,SAE1055M-R,AN11,700,530.0,9584,,1818,10022,1282N,NaN
247,22H120552111A,SAE1055M-R,AN11,700,530.0,10351,,1881,10022,1282N,NaN
248,22H12060111,S50CM-S,AN10,725,1224.0,15650,,1564,10022,1282N,NaN
249,22H12070111,C67S,AN11,700,1096.0,19820,,1818,10022,1282Y,NaN
250,22H12070112,C67S,AN11,700,1096.0,19890,,1821,10022,1282Y,NaN
251,22H12070113,C67S,AN11,700,1096.0,19450,,1803,10022,1282Y,NaN
252,22H12070114,C67S,AN11,700,1096.0,19440,,1802,10022,1282Y,NaN
253,22H120731111A,SNCM220M-S,AN11,700,545.0,10582,,1876,10022,1282N,NaN
254,22H120731121A,SNCM220M-S,AN11,700,545.0,11238,,1928,10022,1282N,NaN
255,22H120732111A,SNCM220M-S,AN11,700,545.0,10582,,1876,10022,1282N,NaN
256,22H120732121A,SNCM220M-S,AN11,700,545.0,11238,,1928,10022,1282N,NaN
257,22H120801111A,SNCM220-PA,AN10,725,610.0,12091,,1894,10022,1282S,NaN
258,22H120801121A,SNCM220-PA,AN10,725,610.0,12032,,1890,10022,1282S,NaN
259,22H120802111A,SNCM220-PA,AN10,725,610.0,12091,,1894,10022,1282S,NaN
260,22H120802121A,SNCM220-PA,AN10,725,610.0,12032,,1890,10022,1282S,NaN
261,22H120863111A1A,S45CM-S,AN10,725,294.0,2934,,1370,10022,1282N,NaN
262,22H120863111A1B,S45CM-S,AN10,725,294.0,2946,,1372,10022,1282N,NaN
263,22H12093111,C80M,AN10,735,1228.0,24920,,1914,10022,1282N,SCHAEFFLER GROUP / HARSHA ENGINEE / LUK / 나라엠앤디 /(주)대유단조
264,22H12094111,C80M,AN10,735,1049.0,21890,,1938,10022,1282N,SCHAEFFLER GROUP / HARSHA ENGINEE / LUK / 나라엠앤디 /(주)대유단조
265,22H12095111,C80M,AN10,735,1204.0,24610,,1920,10022,1282N,SCHAEFFLER GROUP / HARSHA ENGINEE / LUK / 나라엠앤디 /(주)대유단조
266,22H12112111,50CRV4M-R,AN11,700,1056.0,18790,,1805,10022,1282S,NaN
267,22H121211111A,S35CM-R,AN10,725,364.0,3622,,1368,10022,1282N,NaN
268,22H121211111B,S35CM-R,AN10,725,364.0,3622,,1368,10022,1282N,NaN
269,22H121212111A,S35CM-S,AN10,725,310.0,3085,,1368,10022,1282N,NaN
270,22H121212111B,S35CM-S,AN11,700,310.0,3085,,1368,10022,1282N,NaN
271,22H121213111A,S35CM-S,AN10,725,310.0,3085,,1368,10022,1282N,NaN
272,22H121213111B,S35CM-S,AN11,700,310.0,3085,,1368,10022,1282N,NaN
273,22H121231111AA,50CRV4M-R,AN11,700,370.0,6665,,1815,10022,1282Y,NaN
274,22H121232111A,50CRV4M-R,AN11,700,391.0,7981,,1919,10022,1282Y,NaN
275,22H121233111A,50CRV4M-R,AN11,700,391.0,7981,,1919,10022,1282Y,NaN
276,22H12136111,CK75M2,AN12,700,1200.0,22670,,1854,10022,1282Y,NaN
277,22H12136112,CK75M2,AN12,700,1200.0,22900,,1862,10022,1282Y,NaN
278,22H12136113,CK75M2,AN12,700,1200.0,11670,,1396,10022,1282Y,NaN
279,22H12137111,16MNCR5M2,AN11,700,1221.0,25100,,1925,10022,1282N,NaN
280,22H12137112,16MNCR5M2,AN11,700,1221.0,25090,,1925,10022,1282N,NaN
281,22H12138111,16MNCR5M2,AN11,700,1117.0,23210,,1934,10022,1282N,NaN
282,22H12138112,16MNCR5M2,AN11,700,1117.0,23100,,1930,10022,1282N,NaN
283,22H12138113,16MNCR5M2,AN11,700,1117.0,23240,,1936,10022,1282N,NaN
284,22H121391111A,16MNCR5M-S,AN11,700,524.0,10869,,1933,10022,1282N,NaN
285,22H121392111A,16MNCR5M-S,AN11,700,587.0,12176,,1933,10022,1282N,NaN
286,22H121401111A,16MNCR5M-S,AN11,700,580.0,12123,,1940,10022,1282N,NaN
287,22H121402111A,16MNCR5M-S,AN11,700,580.0,12123,,1940,10022,1282N,NaN
288,22H12141111,16MNCR5M2,AN11,700,1075.0,19190,,1808,10022,1282N,NaN
289,22H12141112,16MNCR5M2,AN11,700,1075.0,19190,,1808,10022,1282N,NaN
290,22H12143111,CK75M2,AN12,700,1200.0,22990,,1865,10022,1282Y,NaN
291,22H12145111,CK75M3,AN11,700,1182.0,22680,,1867,10022,1282N,NaN
292,22H12145112,CK75M3,AN11,700,1182.0,22940,,1876,10022,1282N,NaN
293,22H12145113,CK75M3,AN11,700,1182.0,22200,,1849,10022,1282N,NaN
294,22H12145114,CK75M3,AN11,700,1182.0,22440,,1858,10022,1282N,NaN
295,22H12151111,S45CM-S,AN11,700,1253.0,24870,,1895,10022,1282N,NaN
296,22H12151112,S45CM-S,AN11,700,1253.0,24550,,1884,10022,1282N,NaN
297,22H121541111A,S45CM-S,AN11,700,321.0,4987,,1667,10022,1282N,NaN
298,22H12157111,16MNCR5M-S,AN10,725,1164.0,21000,,1816,10022,1282N,NaN
299,22H12157112,16MNCR5M-S,AN10,725,1164.0,18280,,1708,10022,1282N,NaN
300,22H12173111,CK75M2,AN11,700,1200.0,21790,,1821,10022,1282N,NaN
301,22H12173112,CK75M2,AN11,700,1200.0,23250,,1875,10022,1282N,NaN
302,22H12173113,CK75M2,AN11,700,1200.0,23270,,1875,10022,1282N,NaN
303,22H121761111A,CK75M3,AN11,700,238.0,2044,,1285,10022,1282N,NaN
304,22H121761111B,CK75M3,AN11,700,238.0,2215,,1329,10022,1282N,NaN
305,22H121762111A,CK75M3,AN11,700,284.0,2461,,1290,10022,1282N,NaN
306,22H121762111B,CK75M3,AN11,700,284.0,2461,,1290,10022,1282N,NaN
307,22H121763111A,CK75M3,AN11,700,426.0,3625,,1280,10022,1282N,NaN
308,22H121763111B,CK75M3,AN11,700,426.0,3659,,1285,10022,1282N,NaN
309,22H121764111A,C75S-HT,AN11,700,230.0,1993,,1290,10022,1282N,NaN
310,22H121764111B,C75S-HT,AN11,700,230.0,2012,,1295,10022,1282N,NaN
311,22H12187111,51CRV4M-S,AN11,700*Max,1160.0,21370,,1833,10022,1282N,NHK / NHK SPRING PREC / NHK SPRING(THA~)
312,22H12187112,51CRV4M-S,AN10,725*Max,1160.0,22090,,1860,10022,1282N,NHK / NHK SPRING PREC / NHK SPRING(THA~)
313,22H12194111,CK75M2,AN10,725,1200.0,23140,,1871,10022,1282N,NaN
314,22H12194112,CK75M2,AN10,725,1200.0,23190,,1873,10022,1282N,NaN
315,22H121951111A,CK75M3,AN10,725,309.0,3411,,1431,10022,1282N,NaN
316,22H121952111A,CK75M3,AN10,725,444.0,4902,,1431,10022,1282N,NaN
317,22H121953111A,CK75M3,AN10,725,357.0,3941,,1431,10022,1282N,NaN
318,22H12196111,CK75M3,AN10,725,1114.0,21760,,1881,10022,1282N,NaN
319,22H12197111,CK75M3,AN10,725,1182.0,22440,,1858,10022,1282N,NaN
320,22H12197112,CK75M3,AN10,725,1182.0,22170,,1848,10022,1282N,NaN
321,22H12198111,CK75M3,AN10,725,1182.0,22480,,1859,10022,1282N,NaN
322,22H12198112,CK75M3,AN10,725,1182.0,22520,,1861,10022,1282N,NaN
323,22H12206111,50CRV4M-R,AN11,700,1244.0,24320,,1882,10022,1282Y,NaN
324,22H122071111A,SNCM220M-S,AN11,700,382.0,5613,,1625,10022,1282Y,NaN
325,22H122072111A,SNCM220M-S,AN11,700,354.0,5202,,1625,10022,1282Y,NaN
326,22H122073111A,SNCM220M-S,AN11,700,364.0,5349,,1625,10022,1282Y,NaN
327,22H12214111,51CRV4M-S,AN10,725*Max,1162.0,15900,,1610,10022,1282N,NHK / NHK SPRING PREC / NHK SPRING(THA~)
328,22H12214112,51CRV4M-S,AN10,725*Max,1162.0,15310,,1584,10022,1282N,NHK / NHK SPRING PREC / NHK SPRING(THA~)
329,22H12215111,51CRV4M-S,AN10,725*Max,1258.0,20990,,1754,10022,1282N,NHK / NHK SPRING PREC / NHK SPRING(THA~)
330,22H12216111,51CRV4M-S,AN10,725*Max,1074.0,15070,,1627,10022,1282N,NHK / NHK SPRING PREC / NHK SPRING(THA~)
331,22H12216112,51CRV4M-S,AN10,725*Max,1074.0,15220,,1634,10022,1282N,NHK / NHK SPRING PREC / NHK SPRING(THA~)
332,22H122251111A,S45CM-S,AN10,725,547.0,11269,,1927,10022,1282S,NaN
333,22H122251121A,S45CM-S,AN10,725,547.0,10081,,1833,10022,1282S,NaN
334,22H122252111A,S45CM-S,AN10,725,547.0,11269,,1927,10022,1282S,NaN
335,22H122252121A,S45CM-S,AN10,725,547.0,10081,,1833,10022,1282S,NaN
336,22H12A17111,50CRV4M-R,AN11,700,1100.0,22100,,1905,10022,1282S,NaN
337,22H12A291111A,50CRV4M-R,AN11,700,254.0,2367,,1330,10022,1282Y,NaN
338,22H12A291111B,50CRV4M-R,AN11,700,254.0,2367,,1330,10022,1282Y,NaN
339,22H12A292111A,50CRV4M-R,AN11,700,254.0,2367,,1330,10022,1282Y,NaN
340,22H12A292111B,50CRV4M-R,AN11,700,254.0,2367,,1330,10022,1282Y,NaN
341,22H12A293111A,50CRV4M-R,AN11,700,258.0,2404,,1330,10022,1282Y,NaN
342,22H12A293111B,50CRV4M-R,AN11,700,258.0,2404,,1330,10022,1282Y,NaN
343,22H12A294111A,50CRV4M-R,AN11,700,254.0,2367,,1330,10022,1282Y,NaN
344,22H12A294111B,50CRV4M-R,AN11,700,254.0,2367,,1330,10022,1282Y,NaN
345,22H12A295111A,50CRV4M-R,AN11,700,254.0,2367,,1330,10022,1282Y,NaN
346,22H12A295111B,50CRV4M-R,AN11,700,254.0,2367,,1330,10022,1282Y,NaN
347,22H12A583111A,SAE1055M-R,AN11,700,362.0,5451,,1643,10022,1282N,NaN
348,22H12A72111,50CRV4M-R,AN11,700,1244.0,20330,,1739,10022,1282S,NaN
349,22H12B59111,SAE1055M-R,AN11,700,368.0,5410,,1625,10022,1282N,NaN
350,22H12B59112,SAE1055M-R,AN11,700,368.0,5370,,1620,10022,1282N,NaN
351,22H12C59111,SAE1055M-R,AN11,700,317.0,4645,,1623,10022,1282N,NaN
352,22H12C59112,SAE1055M-R,AN11,700,317.0,4620,,1619,10022,1282N,NaN
353,22H130011111B,SK85M-S,AN12,735,300.0,3065,,1384,10023,1282S,NaN
354,22H130014111A,SK5M-S,AN12,725,206.0,2144,,1395,10023,1282N,(주)화진금속
355,22H130014111B,SK5M-S,AN12,725,206.0,2104,,1384,10023,1282N,(주)화진금속
356,22H13007112,SK85,AN10,750*Max,1160.0,21380,,1833,10023,1282N,HANWA CO / .LTD
357,22H13007113,SK85,AN10,750*Max,1160.0,21320,,1831,10023,1282N,HANWA CO / .LTD
358,22H13007114,SK85,AN10,750*Max,1160.0,20900,,1815,10023,1282N,HANWA CO / .LTD
359,22H13009111,SK85M,AN11,735,1224.0,24970,,1919,10023,1282N,NaN
360,22H13010111,SK85M,AN11,735,1224.0,25090,,1923,10023,1282N,NaN
361,22H130252111A,SK5M-R,AN10,750,622.0,11916,,1865,10023,1282N,일진엔티에스(주)
362,22H13026111,SK5M-S,AN10,725(표준),1219.0,23520,,1871,10023,1282N,(주)화진금속
363,22H13031111,SK5M-S,AN11,725,1219.0,24850,,1918,10023,1282N,(주)화진금속
364,22H13032111,SK5M-R,AN11,700(표준),1160.0,24180,,1937,10023,1282N,일진엔티에스(주)
365,22H13041111,SK5M-S,AN10,725(표준),1219.0,24340,,1900,10023,1282N,(주)화진금속
366,22H22027111,SCM430M-S,AN11,700,1170.0,24180,,1930,10022,1282Y,NaN
367,22H22040111,51CRV4M-S,AN11,700*Max,1065.0,21890,,1925,10022,1282Y,NHK / NHK SPRING PREC / NHK SPRING(THA~)
368,22H22041111,51CRV4M-S,AN11,700*Max,1065.0,22220,,1938,10022,1282N,NHK / NHK SPRING PREC / NHK SPRING(THA~)
369,22H22042111,51CRV4M-S,AN11,700*Max,1255.0,25140,,1903,10022,1282N,NHK / NHK SPRING PREC / NHK SPRING(THA~)
370,22H22043111,51CRV4M-S,AN11,700*Max,1255.0,25220,,1906,10022,1282Y,NHK / NHK SPRING PREC / NHK SPRING(THA~)
371,22H22043112,51CRV4M-S,AN11,700*Max,1255.0,25270,,1907,10022,1282N,NHK / NHK SPRING PREC / NHK SPRING(THA~)
372,22H22044111,51CRV4M-S,AN11,700*Max,1255.0,25160,,1904,10022,1282Y,NHK / NHK SPRING PREC / NHK SPRING(THA~)
373,22J11015111,S20CM-S,AN11,620,1231.0,22970,,1843,10021,1282N,NaN
374,22J11027111,SAE1010M-R,AN11,620,1000.0,18310,,1828,10021,1282N,NaN
375,22J11033111,S20CM-S,AN11,620,990.0,20290,,1923,10021,1282N,NaN
376,22J12011111,50CRV4M-R,AN11,700,1100.0,22930,,1937,10022,1282N,NaN
377,22J12011112,50CRV4M-R,AN11,700,1100.0,22620,,1925,10022,1282Y,NaN
378,22J12012111,50CRV4M-R,AN11,700,1170.0,17600,,1677,10022,1282Y,NaN
379,22J12018111,SAE1055M-R,AN10,725,1016.0,15330,,1679,10022,1282N,NaN
380,22J120191111A,SAE1055M-R,AN10,725,272.0,4085,,1641,10022,1282N,NaN
381,22J120191121A,SAE1055M-R,AN10,725,272.0,4107,,1645,10022,1282N,NaN
382,22J120192111A,SAE1055M-R,AN10,725,393.0,5902,,1641,10022,1282N,NaN
383,22J120192121A,SAE1055M-R,AN10,725,393.0,5934,,1645,10022,1282N,NaN
384,22J120193111A,SAE1055M-R,AN10,725,338.0,5076,,1641,10022,1282N,NaN
385,22J120193121A,SAE1055M-R,AN10,725,338.0,5103,,1645,10022,1282N,NaN
386,22J120201111A,SAE1055M-R,AN10,725,323.0,4587,,1600,10022,1282N,NaN
387,22J120202111A,SAE1055M-R,AN10,725,354.0,5027,,1600,10022,1282N,NaN
388,22J120203111A,SAE1055M-R,AN10,725,323.0,4587,,1600,10022,1282N,NaN
389,22J120211111A,SAE1055M-R,AN10,725,317.0,4786,,1645,10022,1282N,NaN
390,22J120212111A,SAE1055M-R,AN10,725,368.0,5556,,1645,10022,1282N,NaN
391,22J120213111A,SAE1055M-R,AN10,725,317.0,4786,,1645,10022,1282N,NaN
